label,text
business,Stock markets rallied today as investors reacted positively to the new economic policy announced by the government.
business,The company reported a significant increase in quarterly profits driven by strong sales growth.
sports,The football team secured a dramatic victory in the final minutes of the match.
sports,The star player scored a hat-trick leading his team to a comfortable win.
technology,The latest smartphone model features advanced AI capabilities and improved battery life.
technology,Researchers unveiled a new breakthrough in quantum computing technology.
politics,The parliament passed a new bill focusing on economic reforms and public welfare.
politics,The election campaign intensified as major parties held rallies across the country.
health,Doctors recommend regular exercise and a balanced diet to maintain good health.
health,A new vaccine has shown promising results in early clinical trials.
entertainment,The blockbuster movie broke box office records in its opening weekend.
entertainment,The famous actor announced his next project during a press conference.
business,Global oil prices fluctuated amid concerns over supply disruptions.
sports,The tennis championship witnessed an intense five-set final.
technology,Artificial intelligence is transforming the future of autonomous vehicles.
politics,The foreign minister held talks to strengthen international relations.
health,Mental health awareness has increased significantly in recent years.
entertainment,The music festival attracted thousands of fans from across the country.
